[{"model": "contenttypes.contenttype", "pk": 1, "fields": {"app_label": "admin", "model": "logentry"}}, {"model": "contenttypes.contenttype", "pk": 2, "fields": {"app_label": "auth", "model": "permission"}}, {"model": "contenttypes.contenttype", "pk": 3, "fields": {"app_label": "auth", "model": "group"}}, {"model": "contenttypes.contenttype", "pk": 4, "fields": {"app_label": "auth", "model": "user"}}, {"model": "contenttypes.contenttype", "pk": 5, "fields": {"app_label": "contenttypes", "model": "contenttype"}}, {"model": "contenttypes.contenttype", "pk": 6, "fields": {"app_label": "sessions", "model": "session"}}, {"model": "contenttypes.contenttype", "pk": 7, "fields": {"app_label": "blog", "model": "blog"}}, {"model": "contenttypes.contenttype", "pk": 8, "fields": {"app_label": "blog", "model": "blogtype"}}, {"model": "contenttypes.contenttype", "pk": 9, "fields": {"app_label": "blog", "model": "readnum"}}, {"model": "contenttypes.contenttype", "pk": 10, "fields": {"app_label": "read_statistics", "model": "readnum"}}, {"model": "contenttypes.contenttype", "pk": 11, "fields": {"app_label": "read_statistics", "model": "readdetail"}}, {"model": "contenttypes.contenttype", "pk": 12, "fields": {"app_label": "comment", "model": "comment"}}, {"model": "sessions.session", "pk": "1alfg4oofk1yyoapbafw25yx4umg6px1", "fields": {"session_data": "MDM0YTY2YmUzMGU3ZThkMjkyMzEyZjBlN2Q3MGE0N2I1N2JkYzk3Njp7Il9hdXRoX3VzZXJfaWQiOiIxIiwiX2F1dGhfdXNlcl9iYWNrZW5kIjoiZGphbmdvLmNvbnRyaWIuYXV0aC5iYWNrZW5kcy5Nb2RlbEJhY2tlbmQiLCJfYXV0aF91c2VyX2hhc2giOiIwYzE1OGJkYmM5NzBlOGEzNzkxYWE1NGIyMzlkMDBjYTM4MTU4NTUwIn0=", "expire_date": "2019-11-27T07:49:43.711Z"}}, {"model": "sessions.session", "pk": "7pk9z4vvhalocktw2mzv1j2dfgoagdio", "fields": {"session_data": "ZTdjZDIzODFkNWE2Njg2NDQyNjJhMzJhMTI2NDZmYTc4OWI5MDIzYjp7Il9hdXRoX3VzZXJfaWQiOiIyIiwiX2F1dGhfdXNlcl9iYWNrZW5kIjoiZGphbmdvLmNvbnRyaWIuYXV0aC5iYWNrZW5kcy5Nb2RlbEJhY2tlbmQiLCJfYXV0aF91c2VyX2hhc2giOiI1MDE1M2M5MGI5ZTIxYzk4OTIzYTdkMWFiNGRjNmRlNGMxNDMxOGIxIn0=", "expire_date": "2019-12-03T05:46:59.637Z"}}, {"model": "sessions.session", "pk": "r5l6q2zgdyyrdhjyi7xivw74f3757pzd", "fields": {"session_data": "MDM0YTY2YmUzMGU3ZThkMjkyMzEyZjBlN2Q3MGE0N2I1N2JkYzk3Njp7Il9hdXRoX3VzZXJfaWQiOiIxIiwiX2F1dGhfdXNlcl9iYWNrZW5kIjoiZGphbmdvLmNvbnRyaWIuYXV0aC5iYWNrZW5kcy5Nb2RlbEJhY2tlbmQiLCJfYXV0aF91c2VyX2hhc2giOiIwYzE1OGJkYmM5NzBlOGEzNzkxYWE1NGIyMzlkMDBjYTM4MTU4NTUwIn0=", "expire_date": "2019-11-08T04:23:30.445Z"}}, {"model": "blog.blogtype", "pk": 1, "fields": {"type_name": "Django"}}, {"model": "blog.blogtype", "pk": 2, "fields": {"type_name": "\u968f\u7b14"}}, {"model": "read_statistics.readnum", "pk": 1, "fields": {"read_num": 16, "content_type": 7, "object_id": 36}}, {"model": "read_statistics.readnum", "pk": 2, "fields": {"read_num": 7, "content_type": 7, "object_id": 35}}, {"model": "read_statistics.readnum", "pk": 3, "fields": {"read_num": 6, "content_type": 7, "object_id": 34}}, {"model": "read_statistics.readnum", "pk": 4, "fields": {"read_num": 1, "content_type": 7, "object_id": 33}}, {"model": "read_statistics.readnum", "pk": 5, "fields": {"read_num": 1, "content_type": 7, "object_id": 32}}, {"model": "read_statistics.readnum", "pk": 6, "fields": {"read_num": 1, "content_type": 7, "object_id": 30}}, {"model": "read_statistics.readdetail", "pk": 1, "fields": {"date": "2019-11-11", "read_num": 4, "content_type": 7, "object_id": 36}}, {"model": "read_statistics.readdetail", "pk": 2, "fields": {"date": "2019-11-11", "read_num": 1, "content_type": 7, "object_id": 33}}, {"model": "read_statistics.readdetail", "pk": 3, "fields": {"date": "2019-11-10", "read_num": 1, "content_type": 7, "object_id": 32}}, {"model": "read_statistics.readdetail", "pk": 4, "fields": {"date": "2019-11-12", "read_num": 1, "content_type": 7, "object_id": 36}}, {"model": "read_statistics.readdetail", "pk": 5, "fields": {"date": "2019-11-11", "read_num": 2, "content_type": 7, "object_id": 35}}, {"model": "read_statistics.readdetail", "pk": 6, "fields": {"date": "2019-11-10", "read_num": 2, "content_type": 7, "object_id": 35}}, {"model": "read_statistics.readdetail", "pk": 7, "fields": {"date": "2019-11-11", "read_num": 4, "content_type": 7, "object_id": 34}}, {"model": "read_statistics.readdetail", "pk": 8, "fields": {"date": "2019-11-12", "read_num": 1, "content_type": 7, "object_id": 30}}, {"model": "read_statistics.readdetail", "pk": 9, "fields": {"date": "2019-11-13", "read_num": 1, "content_type": 7, "object_id": 36}}, {"model": "read_statistics.readdetail", "pk": 10, "fields": {"date": "2019-11-13", "read_num": 1, "content_type": 7, "object_id": 35}}, {"model": "read_statistics.readdetail", "pk": 11, "fields": {"date": "2019-11-13", "read_num": 1, "content_type": 7, "object_id": 34}}, {"model": "read_statistics.readdetail", "pk": 12, "fields": {"date": "2019-11-18", "read_num": 2, "content_type": 7, "object_id": 36}}, {"model": "read_statistics.readdetail", "pk": 13, "fields": {"date": "2019-11-19", "read_num": 1, "content_type": 7, "object_id": 36}}, {"model": "auth.permission", "pk": 1, "fields": {"name": "Can add log entry", "content_type": 1, "codename": "add_logentry"}}, {"model": "auth.permission", "pk": 2, "fields": {"name": "Can change log entry", "content_type": 1, "codename": "change_logentry"}}, {"model": "auth.permission", "pk": 3, "fields": {"name": "Can delete log entry", "content_type": 1, "codename": "delete_logentry"}}, {"model": "auth.permission", "pk": 4, "fields": {"name": "Can view log entry", "content_type": 1, "codename": "view_logentry"}}, {"model": "auth.permission", "pk": 5, "fields": {"name": "Can add permission", "content_type": 2, "codename": "add_permission"}}, {"model": "auth.permission", "pk": 6, "fields": {"name": "Can change permission", "content_type": 2, "codename": "change_permission"}}, {"model": "auth.permission", "pk": 7, "fields": {"name": "Can delete permission", "content_type": 2, "codename": "delete_permission"}}, {"model": "auth.permission", "pk": 8, "fields": {"name": "Can view permission", "content_type": 2, "codename": "view_permission"}}, {"model": "auth.permission", "pk": 9, "fields": {"name": "Can add group", "content_type": 3, "codename": "add_group"}}, {"model": "auth.permission", "pk": 10, "fields": {"name": "Can change group", "content_type": 3, "codename": "change_group"}}, {"model": "auth.permission", "pk": 11, "fields": {"name": "Can delete group", "content_type": 3, "codename": "delete_group"}}, {"model": "auth.permission", "pk": 12, "fields": {"name": "Can view group", "content_type": 3, "codename": "view_group"}}, {"model": "auth.permission", "pk": 13, "fields": {"name": "Can add user", "content_type": 4, "codename": "add_user"}}, {"model": "auth.permission", "pk": 14, "fields": {"name": "Can change user", "content_type": 4, "codename": "change_user"}}, {"model": "auth.permission", "pk": 15, "fields": {"name": "Can delete user", "content_type": 4, "codename": "delete_user"}}, {"model": "auth.permission", "pk": 16, "fields": {"name": "Can view user", "content_type": 4, "codename": "view_user"}}, {"model": "auth.permission", "pk": 17, "fields": {"name": "Can add content type", "content_type": 5, "codename": "add_contenttype"}}, {"model": "auth.permission", "pk": 18, "fields": {"name": "Can change content type", "content_type": 5, "codename": "change_contenttype"}}, {"model": "auth.permission", "pk": 19, "fields": {"name": "Can delete content type", "content_type": 5, "codename": "delete_contenttype"}}, {"model": "auth.permission", "pk": 20, "fields": {"name": "Can view content type", "content_type": 5, "codename": "view_contenttype"}}, {"model": "auth.permission", "pk": 21, "fields": {"name": "Can add session", "content_type": 6, "codename": "add_session"}}, {"model": "auth.permission", "pk": 22, "fields": {"name": "Can change session", "content_type": 6, "codename": "change_session"}}, {"model": "auth.permission", "pk": 23, "fields": {"name": "Can delete session", "content_type": 6, "codename": "delete_session"}}, {"model": "auth.permission", "pk": 24, "fields": {"name": "Can view session", "content_type": 6, "codename": "view_session"}}, {"model": "auth.permission", "pk": 25, "fields": {"name": "Can add blog", "content_type": 7, "codename": "add_blog"}}, {"model": "auth.permission", "pk": 26, "fields": {"name": "Can change blog", "content_type": 7, "codename": "change_blog"}}, {"model": "auth.permission", "pk": 27, "fields": {"name": "Can delete blog", "content_type": 7, "codename": "delete_blog"}}, {"model": "auth.permission", "pk": 28, "fields": {"name": "Can view blog", "content_type": 7, "codename": "view_blog"}}, {"model": "auth.permission", "pk": 29, "fields": {"name": "Can add blog type", "content_type": 8, "codename": "add_blogtype"}}, {"model": "auth.permission", "pk": 30, "fields": {"name": "Can change blog type", "content_type": 8, "codename": "change_blogtype"}}, {"model": "auth.permission", "pk": 31, "fields": {"name": "Can delete blog type", "content_type": 8, "codename": "delete_blogtype"}}, {"model": "auth.permission", "pk": 32, "fields": {"name": "Can view blog type", "content_type": 8, "codename": "view_blogtype"}}, {"model": "auth.permission", "pk": 33, "fields": {"name": "Can add read num", "content_type": 9, "codename": "add_readnum"}}, {"model": "auth.permission", "pk": 34, "fields": {"name": "Can change read num", "content_type": 9, "codename": "change_readnum"}}, {"model": "auth.permission", "pk": 35, "fields": {"name": "Can delete read num", "content_type": 9, "codename": "delete_readnum"}}, {"model": "auth.permission", "pk": 36, "fields": {"name": "Can view read num", "content_type": 9, "codename": "view_readnum"}}, {"model": "auth.permission", "pk": 37, "fields": {"name": "Can add read num", "content_type": 10, "codename": "add_readnum"}}, {"model": "auth.permission", "pk": 38, "fields": {"name": "Can change read num", "content_type": 10, "codename": "change_readnum"}}, {"model": "auth.permission", "pk": 39, "fields": {"name": "Can delete read num", "content_type": 10, "codename": "delete_readnum"}}, {"model": "auth.permission", "pk": 40, "fields": {"name": "Can view read num", "content_type": 10, "codename": "view_readnum"}}, {"model": "auth.permission", "pk": 41, "fields": {"name": "Can add read detail", "content_type": 11, "codename": "add_readdetail"}}, {"model": "auth.permission", "pk": 42, "fields": {"name": "Can change read detail", "content_type": 11, "codename": "change_readdetail"}}, {"model": "auth.permission", "pk": 43, "fields": {"name": "Can delete read detail", "content_type": 11, "codename": "delete_readdetail"}}, {"model": "auth.permission", "pk": 44, "fields": {"name": "Can view read detail", "content_type": 11, "codename": "view_readdetail"}}, {"model": "auth.permission", "pk": 45, "fields": {"name": "Can add comment", "content_type": 12, "codename": "add_comment"}}, {"model": "auth.permission", "pk": 46, "fields": {"name": "Can change comment", "content_type": 12, "codename": "change_comment"}}, {"model": "auth.permission", "pk": 47, "fields": {"name": "Can delete comment", "content_type": 12, "codename": "delete_comment"}}, {"model": "auth.permission", "pk": 48, "fields": {"name": "Can view comment", "content_type": 12, "codename": "view_comment"}}, {"model": "auth.user", "pk": 1, "fields": {"password": "pbkdf2_sha256$150000$9uBkNdqE3KHZ$23bzMmFXGQI3gYEBS5IQ7QntXvSngZW9JaKrG4FGMUA=", "last_login": "2019-11-18T00:56:38.249Z", "is_superuser": true, "username": "qireka", "first_name": "", "last_name": "", "email": "932203054@qq.com", "is_staff": true, "is_active": true, "date_joined": "2019-10-25T03:27:58.039Z", "groups": [], "user_permissions": []}}, {"model": "auth.user", "pk": 2, "fields": {"password": "pbkdf2_sha256$150000$L5PAllxNcK54$t53E2LtJHcwGKOysdLFuGATTVh9VpxVBGDXCgtVICiw=", "last_login": "2019-11-19T05:46:59.621Z", "is_superuser": false, "username": "wzp", "first_name": "", "last_name": "", "email": "1@qq.com", "is_staff": false, "is_active": true, "date_joined": "2019-11-19T05:46:58.287Z", "groups": [], "user_permissions": []}}, {"model": "blog.blog", "pk": 3, "fields": {"title": "\u957f\u5185\u5bb9\u535a\u5ba2", "blog_type": 1, "content": "<h2><img alt=\"\" src=\"/media/upload/2019/11/07/20180708_1825899_1531031827500.jpg\" style=\"height:360px; width:640px\" />1.ceshi</h2>\r\n\r\n<p>\u7684\u5c31\u7231\u770b\u80cc\u9760\u80cc\u5361\u6bd4\u517d\u5f00\u53d1\u529e\u5361\u65f6\u95f4\u65b9\u4fbf\u5361\u5df4\u7684\u5783<strong>\u573e\u548c\u5e1d\u56fd\u9a91\u58ebv\u80af\u5b9a\u4e0d</strong>\u53bb\u53bb\u5916\u5730\u6237\u53e3\u662f\u7684v\u5361\u8fd8\u8d76\u4e0d\u4e0a\u7a7a\u95f4\u7684\u4e0d\u5ba2\u6c14\u6c14\u6e29\u9ad8\u8fbe\u5f00\u59cb\u6539\u53d8\u7684\u5361<br />\r\n\u53f7\u662f\u8fdb\u53e3\u7684\u5427\u4f01\u9e45\u7684\u822a\u7a7a\u6280\u672f\u7684\u5361\u4f01\u9e45\u5f00\u53d1\u5546\u7684\u7f5a\u6b3e\u6536\u5230\u53cd\u9988\u5c31\u7231\u770b\u80cc\u9760\u80cc\u5361\u6bd4\u517d\u5f00\u53d1\u529e\u5361\u65f6\u95f4\u65b9\u4fbf\u5361\u5df4\u7684\u5783\u573e\u548c\u5e1d\u56fd\u9a91\u58ebv\u80af\u5b9a\u4e0d\u53bb\u53bb\u5916\u5730\u6237\u53e3\u662f\u7684v\u5361\u8fd8\u8d76\u4e0d\u4e0a\u7a7a\u95f4\u7684\u4e0d\u5ba2\u6c14\u6c14\u6e29\u9ad8\u8fbe\u5f00\u59cb\u6539\u53d8\u7684\u5361\u53f7\u662f\u8fdb\u53e3\u7684\u5427\u4f01\u9e45\u7684\u822a\u7a7a\u6280\u672f\u7684\u5361\u4f01\u9e45\u5f00\u53d1\u5546\u7684\u7f5a\u6b3e\u6536\u5230\u53cd\u9988\u5c31\u7231\u770b\u80cc\u9760\u80cc\u5361\u6bd4\u517d\u5f00\u53d1\u529e\u5361\u65f6\u95f4\u65b9\u4fbf\u5361\u5df4</p>\r\n\r\n<p>&nbsp;</p>\r\n\r\n<p><span style=\"color:#27ae60\">qqweqw</span><span style=\"color:#f1c40f\">qweqweq</span><span style=\"color:#e74c3c\">qweqwedq</span></p>", "author": 1, "create_time": "2019-10-28T01:17:58.529Z", "last_updated_time": "2019-11-07T06:23:40.683Z"}}, {"model": "blog.blog", "pk": 4, "fields": {"title": "\u7684\u5899\u58c1\u6591\u9a73\u7684\u5427\u8985\u6211", "blog_type": 1, "content": "\u6743\u5a01\u7684\u6492\u5927\u5927\u6316\u7684\u9752\u86d9\u7684\u662f", "author": 1, "create_time": "2019-10-28T02:34:47.826Z", "last_updated_time": "2019-10-28T02:34:47.826Z"}}, {"model": "blog.blog", "pk": 5, "fields": {"title": "\u533a\u536b\u751f\u6253\u626b\u7684\u5e7f\u544a\u8d39\u4eba\u5de5\u8d39", "blog_type": 2, "content": "\u7ed9\u5bf9\u65b9v\u5676 \u5c14\u548c\u5e7f\u6cdb\u7684\u7684\u98ce\u683c\u6211\u8ba4\u4e3a", "author": 1, "create_time": "2019-10-28T02:35:14.390Z", "last_updated_time": "2019-10-28T02:35:14.390Z"}}, {"model": "blog.blog", "pk": 6, "fields": {"title": "shell\u6a21\u5f0f\u4e0b\u7b2c\u4e00\u7bc7", "blog_type": 1, "content": "hduqgidbxobsocboqhohdq", "author": 1, "create_time": "2019-11-01T06:52:25.110Z", "last_updated_time": "2019-11-01T06:52:25.110Z"}}, {"model": "blog.blog", "pk": 7, "fields": {"title": "for 1", "blog_type": 1, "content": "xxx:1", "author": 1, "create_time": "2019-11-01T07:09:58.796Z", "last_updated_time": "2019-11-01T07:09:58.796Z"}}, {"model": "blog.blog", "pk": 8, "fields": {"title": "for 2", "blog_type": 1, "content": "xxx:2", "author": 1, "create_time": "2019-11-01T07:09:58.832Z", "last_updated_time": "2019-11-01T07:09:58.832Z"}}, {"model": "blog.blog", "pk": 9, "fields": {"title": "for 3", "blog_type": 1, "content": "xxx:3", "author": 1, "create_time": "2019-11-01T07:09:58.847Z", "last_updated_time": "2019-11-01T07:09:58.847Z"}}, {"model": "blog.blog", "pk": 10, "fields": {"title": "for 4", "blog_type": 1, "content": "xxx:4", "author": 1, "create_time": "2019-11-01T07:09:58.863Z", "last_updated_time": "2019-11-01T07:09:58.863Z"}}, {"model": "blog.blog", "pk": 11, "fields": {"title": "for 5", "blog_type": 1, "content": "xxx:5", "author": 1, "create_time": "2019-11-01T07:09:58.879Z", "last_updated_time": "2019-11-01T07:09:58.879Z"}}, {"model": "blog.blog", "pk": 12, "fields": {"title": "for 6", "blog_type": 1, "content": "xxx:6", "author": 1, "create_time": "2019-11-01T07:09:58.896Z", "last_updated_time": "2019-11-01T07:09:58.896Z"}}, {"model": "blog.blog", "pk": 13, "fields": {"title": "for 7", "blog_type": 1, "content": "xxx:7", "author": 1, "create_time": "2019-11-01T07:09:58.911Z", "last_updated_time": "2019-11-01T07:09:58.911Z"}}, {"model": "blog.blog", "pk": 14, "fields": {"title": "for 8", "blog_type": 1, "content": "xxx:8", "author": 1, "create_time": "2019-11-01T07:09:58.927Z", "last_updated_time": "2019-11-01T07:09:58.927Z"}}, {"model": "blog.blog", "pk": 15, "fields": {"title": "for 9", "blog_type": 1, "content": "xxx:9", "author": 1, "create_time": "2019-11-01T07:09:58.943Z", "last_updated_time": "2019-11-01T07:09:58.943Z"}}, {"model": "blog.blog", "pk": 16, "fields": {"title": "for 10", "blog_type": 1, "content": "xxx:10", "author": 1, "create_time": "2019-11-01T07:09:58.958Z", "last_updated_time": "2019-11-01T07:09:58.958Z"}}, {"model": "blog.blog", "pk": 17, "fields": {"title": "for 11", "blog_type": 1, "content": "xxx:11", "author": 1, "create_time": "2019-11-01T07:09:58.974Z", "last_updated_time": "2019-11-01T07:09:58.974Z"}}, {"model": "blog.blog", "pk": 18, "fields": {"title": "for 12", "blog_type": 1, "content": "xxx:12", "author": 1, "create_time": "2019-11-01T07:09:58.996Z", "last_updated_time": "2019-11-01T07:09:58.996Z"}}, {"model": "blog.blog", "pk": 19, "fields": {"title": "for 13", "blog_type": 1, "content": "xxx:13", "author": 1, "create_time": "2019-11-01T07:09:59.012Z", "last_updated_time": "2019-11-01T07:09:59.012Z"}}, {"model": "blog.blog", "pk": 20, "fields": {"title": "for 14", "blog_type": 1, "content": "xxx:14", "author": 1, "create_time": "2019-11-01T07:09:59.027Z", "last_updated_time": "2019-11-01T07:09:59.027Z"}}, {"model": "blog.blog", "pk": 21, "fields": {"title": "for 15", "blog_type": 1, "content": "xxx:15", "author": 1, "create_time": "2019-11-01T07:09:59.043Z", "last_updated_time": "2019-11-01T07:09:59.043Z"}}, {"model": "blog.blog", "pk": 22, "fields": {"title": "for 16", "blog_type": 1, "content": "xxx:16", "author": 1, "create_time": "2019-11-01T07:09:59.074Z", "last_updated_time": "2019-11-01T07:09:59.074Z"}}, {"model": "blog.blog", "pk": 23, "fields": {"title": "for 17", "blog_type": 1, "content": "xxx:17", "author": 1, "create_time": "2019-11-01T07:09:59.090Z", "last_updated_time": "2019-11-01T07:09:59.090Z"}}, {"model": "blog.blog", "pk": 24, "fields": {"title": "for 18", "blog_type": 1, "content": "xxx:18", "author": 1, "create_time": "2019-11-01T07:09:59.096Z", "last_updated_time": "2019-11-01T07:09:59.096Z"}}, {"model": "blog.blog", "pk": 25, "fields": {"title": "for 19", "blog_type": 1, "content": "xxx:19", "author": 1, "create_time": "2019-11-01T07:09:59.112Z", "last_updated_time": "2019-11-01T07:09:59.112Z"}}, {"model": "blog.blog", "pk": 26, "fields": {"title": "for 20", "blog_type": 1, "content": "xxx:20", "author": 1, "create_time": "2019-11-01T07:09:59.128Z", "last_updated_time": "2019-11-01T07:09:59.128Z"}}, {"model": "blog.blog", "pk": 27, "fields": {"title": "for 21", "blog_type": 1, "content": "xxx:21", "author": 1, "create_time": "2019-11-01T07:09:59.213Z", "last_updated_time": "2019-11-01T07:09:59.213Z"}}, {"model": "blog.blog", "pk": 28, "fields": {"title": "for 22", "blog_type": 1, "content": "xxx:22", "author": 1, "create_time": "2019-11-01T07:09:59.228Z", "last_updated_time": "2019-11-01T07:09:59.228Z"}}, {"model": "blog.blog", "pk": 29, "fields": {"title": "for 23", "blog_type": 1, "content": "xxx:23", "author": 1, "create_time": "2019-11-01T07:09:59.244Z", "last_updated_time": "2019-11-01T07:09:59.244Z"}}, {"model": "blog.blog", "pk": 30, "fields": {"title": "for 24", "blog_type": 1, "content": "xxx:24", "author": 1, "create_time": "2019-11-01T07:09:59.275Z", "last_updated_time": "2019-11-01T07:09:59.275Z"}}, {"model": "blog.blog", "pk": 31, "fields": {"title": "for 25", "blog_type": 1, "content": "xxx:25", "author": 1, "create_time": "2019-11-01T07:09:59.297Z", "last_updated_time": "2019-11-01T07:09:59.297Z"}}, {"model": "blog.blog", "pk": 32, "fields": {"title": "for 26", "blog_type": 1, "content": "xxx:26", "author": 1, "create_time": "2019-11-01T07:09:59.312Z", "last_updated_time": "2019-11-01T07:09:59.312Z"}}, {"model": "blog.blog", "pk": 33, "fields": {"title": "for 27", "blog_type": 1, "content": "xxx:27", "author": 1, "create_time": "2019-11-01T07:09:59.328Z", "last_updated_time": "2019-11-01T07:09:59.328Z"}}, {"model": "blog.blog", "pk": 34, "fields": {"title": "for 28", "blog_type": 1, "content": "xxx:28", "author": 1, "create_time": "2019-11-01T07:09:59.359Z", "last_updated_time": "2019-11-01T07:09:59.359Z"}}, {"model": "blog.blog", "pk": 35, "fields": {"title": "for 29", "blog_type": 1, "content": "xxx:29", "author": 1, "create_time": "2019-11-01T07:09:59.397Z", "last_updated_time": "2019-11-01T07:09:59.397Z"}}, {"model": "blog.blog", "pk": 36, "fields": {"title": "for 30", "blog_type": 1, "content": "xxx:30", "author": 1, "create_time": "2019-11-01T07:09:59.413Z", "last_updated_time": "2019-11-07T06:52:19.734Z"}}, {"model": "comment.comment", "pk": 1, "fields": {"content_type": 7, "object_id": 36, "text": "123", "comment_time": "2019-11-14T00:33:34.237Z", "user": 1, "parent_id": 0}}, {"model": "comment.comment", "pk": 2, "fields": {"content_type": 7, "object_id": 36, "text": "123", "comment_time": "2019-11-14T00:54:47.323Z", "user": 1, "parent_id": 0}}, {"model": "comment.comment", "pk": 3, "fields": {"content_type": 7, "object_id": 36, "text": "123", "comment_time": "2019-11-19T05:47:04.793Z", "user": 2, "parent_id": 0}}, {"model": "comment.comment", "pk": 4, "fields": {"content_type": 7, "object_id": 36, "text": "12312314212", "comment_time": "2019-11-20T08:15:38.488Z", "user": 2, "parent_id": 0}}, {"model": "comment.comment", "pk": 5, "fields": {"content_type": 7, "object_id": 36, "text": "<p>123</p>", "comment_time": "2019-11-20T09:24:47.059Z", "user": 2, "parent_id": 0}}, {"model": "comment.comment", "pk": 6, "fields": {"content_type": 7, "object_id": 36, "text": "<p>123</p>", "comment_time": "2019-11-20T09:25:04.858Z", "user": 2, "parent_id": 0}}, {"model": "comment.comment", "pk": 7, "fields": {"content_type": 7, "object_id": 36, "text": "<p>123</p>", "comment_time": "2019-11-20T09:27:18.528Z", "user": 2, "parent_id": 0}}, {"model": "comment.comment", "pk": 8, "fields": {"content_type": 7, "object_id": 36, "text": "<p>123</p>", "comment_time": "2019-11-20T09:29:22.131Z", "user": 2, "parent_id": 0}}, {"model": "comment.comment", "pk": 9, "fields": {"content_type": 7, "object_id": 36, "text": "<p>123</p>", "comment_time": "2019-11-20T09:29:23.990Z", "user": 2, "parent_id": 0}}, {"model": "comment.comment", "pk": 10, "fields": {"content_type": 7, "object_id": 36, "text": "<p>123</p>", "comment_time": "2019-11-20T09:29:27.119Z", "user": 2, "parent_id": 0}}, {"model": "comment.comment", "pk": 11, "fields": {"content_type": 7, "object_id": 36, "text": "<p>789</p>", "comment_time": "2019-11-20T09:36:17.218Z", "user": 2, "parent_id": 0}}, {"model": "comment.comment", "pk": 12, "fields": {"content_type": 7, "object_id": 36, "text": "<p>efrwerw</p>", "comment_time": "2019-11-20T09:44:36.121Z", "user": 2, "parent_id": 0}}, {"model": "comment.comment", "pk": 13, "fields": {"content_type": 7, "object_id": 36, "text": "<p>efrwerw</p>", "comment_time": "2019-11-20T09:44:52.296Z", "user": 2, "parent_id": 0}}, {"model": "comment.comment", "pk": 14, "fields": {"content_type": 7, "object_id": 36, "text": "<p>efrwerw</p>", "comment_time": "2019-11-20T09:44:56.168Z", "user": 2, "parent_id": 0}}, {"model": "comment.comment", "pk": 15, "fields": {"content_type": 7, "object_id": 36, "text": "<p>899</p>", "comment_time": "2019-11-20T09:48:09.154Z", "user": 2, "parent_id": 0}}, {"model": "comment.comment", "pk": 16, "fields": {"content_type": 7, "object_id": 36, "text": "<p>899</p>", "comment_time": "2019-11-20T09:48:26.298Z", "user": 2, "parent_id": 0}}, {"model": "comment.comment", "pk": 17, "fields": {"content_type": 7, "object_id": 36, "text": "<p>66666666</p>", "comment_time": "2019-11-20T09:55:25.327Z", "user": 2, "parent_id": 0}}, {"model": "comment.comment", "pk": 18, "fields": {"content_type": 7, "object_id": 36, "text": "<p>66666666</p>", "comment_time": "2019-11-20T10:05:19.714Z", "user": 2, "parent_id": 0}}, {"model": "comment.comment", "pk": 19, "fields": {"content_type": 7, "object_id": 36, "text": "<p>66666666</p>", "comment_time": "2019-11-20T10:05:26.625Z", "user": 2, "parent_id": 0}}, {"model": "comment.comment", "pk": 20, "fields": {"content_type": 7, "object_id": 36, "text": "<p>12312</p>", "comment_time": "2019-11-20T10:14:23.912Z", "user": 2, "parent_id": 0}}, {"model": "comment.comment", "pk": 21, "fields": {"content_type": 7, "object_id": 36, "text": "<p>1</p>", "comment_time": "2019-11-20T10:19:16.715Z", "user": 2, "parent_id": 0}}, {"model": "comment.comment", "pk": 22, "fields": {"content_type": 7, "object_id": 36, "text": "<p><img alt=\"sad\" height=\"23\" src=\"http://127.0.0.1:8000/static/ckeditor/ckeditor/plugins/smiley/images/sad_smile.png\" title=\"sad\" width=\"23\" />1</p>", "comment_time": "2019-11-20T10:28:19.713Z", "user": 2, "parent_id": 0}}, {"model": "comment.comment", "pk": 23, "fields": {"content_type": 7, "object_id": 36, "text": "<p>123</p>", "comment_time": "2019-11-20T10:32:37.497Z", "user": 2, "parent_id": 0}}, {"model": "comment.comment", "pk": 24, "fields": {"content_type": 7, "object_id": 36, "text": "<p>123</p>", "comment_time": "2019-11-20T10:32:58.588Z", "user": 2, "parent_id": 0}}, {"model": "comment.comment", "pk": 25, "fields": {"content_type": 7, "object_id": 36, "text": "<p><img alt=\"smiley\" height=\"23\" src=\"http://127.0.0.1:8000/static/ckeditor/ckeditor/plugins/smiley/images/regular_smile.png\" title=\"smiley\" width=\"23\" />1</p>", "comment_time": "2019-11-20T10:33:50.977Z", "user": 2, "parent_id": 0}}, {"model": "comment.comment", "pk": 26, "fields": {"content_type": 7, "object_id": 36, "text": "<p><img alt=\"smiley\" height=\"23\" src=\"http://127.0.0.1:8000/static/ckeditor/ckeditor/plugins/smiley/images/regular_smile.png\" title=\"smiley\" width=\"23\" /></p>", "comment_time": "2019-11-20T10:34:16.731Z", "user": 2, "parent_id": 0}}, {"model": "comment.comment", "pk": 27, "fields": {"content_type": 7, "object_id": 36, "text": "<p>&nbsp;</p>\r\n\r\n<p>&nbsp;</p>", "comment_time": "2019-11-20T10:34:21.734Z", "user": 2, "parent_id": 0}}, {"model": "admin.logentry", "pk": 1, "fields": {"action_time": "2019-10-25T04:25:28.695Z", "user": 1, "content_type": 8, "object_id": "1", "object_repr": "BlogType object (1)", "action_flag": 1, "change_message": "[{\"added\": {}}]"}}, {"model": "admin.logentry", "pk": 2, "fields": {"action_time": "2019-10-25T04:25:31.248Z", "user": 1, "content_type": 8, "object_id": "2", "object_repr": "BlogType object (2)", "action_flag": 1, "change_message": "[{\"added\": {}}]"}}, {"model": "admin.logentry", "pk": 3, "fields": {"action_time": "2019-10-25T04:36:24.256Z", "user": 1, "content_type": 7, "object_id": "1", "object_repr": "<Blog: '\\u7b2c\\u4e00\\u7bc7\\u535a\\u5ba2'>", "action_flag": 1, "change_message": "[{\"added\": {}}]"}}, {"model": "admin.logentry", "pk": 4, "fields": {"action_time": "2019-10-28T01:04:42.727Z", "user": 1, "content_type": 7, "object_id": "2", "object_repr": "<Blog: '\\u7b2c\\u4e8c\\u7bc7\\u535a\\u5ba2'>", "action_flag": 1, "change_message": "[{\"added\": {}}]"}}, {"model": "admin.logentry", "pk": 5, "fields": {"action_time": "2019-10-28T01:11:12.282Z", "user": 1, "content_type": 7, "object_id": "2", "object_repr": "<Blog: '\\u7b2c\\u4e8c\\u7bc7\\u535a\\u5ba2'>", "action_flag": 3, "change_message": ""}}, {"model": "admin.logentry", "pk": 6, "fields": {"action_time": "2019-10-28T01:11:12.297Z", "user": 1, "content_type": 7, "object_id": "1", "object_repr": "<Blog: '\\u7b2c\\u4e00\\u7bc7\\u535a\\u5ba2'>", "action_flag": 3, "change_message": ""}}, {"model": "admin.logentry", "pk": 7, "fields": {"action_time": "2019-10-28T01:17:58.545Z", "user": 1, "content_type": 7, "object_id": "3", "object_repr": "<Blog: '\\u957f\\u5185\\u5bb9\\u535a\\u5ba2'>", "action_flag": 1, "change_message": "[{\"added\": {}}]"}}, {"model": "admin.logentry", "pk": 8, "fields": {"action_time": "2019-10-28T02:34:47.842Z", "user": 1, "content_type": 7, "object_id": "4", "object_repr": "<Blog: '\\u7684\\u5899\\u58c1\\u6591\\u9a73\\u7684\\u5427\\u8985\\u6211'>", "action_flag": 1, "change_message": "[{\"added\": {}}]"}}, {"model": "admin.logentry", "pk": 9, "fields": {"action_time": "2019-10-28T02:35:14.406Z", "user": 1, "content_type": 7, "object_id": "5", "object_repr": "<Blog: '\\u533a\\u536b\\u751f\\u6253\\u626b\\u7684\\u5e7f\\u544a\\u8d39\\u4eba\\u5de5\\u8d39'>", "action_flag": 1, "change_message": "[{\"added\": {}}]"}}, {"model": "admin.logentry", "pk": 10, "fields": {"action_time": "2019-11-07T02:28:49.154Z", "user": 1, "content_type": 7, "object_id": "3", "object_repr": "<Blog: \u957f\u5185\u5bb9\u535a\u5ba2>", "action_flag": 2, "change_message": "[{\"changed\": {\"fields\": [\"content\"]}}]"}}, {"model": "admin.logentry", "pk": 11, "fields": {"action_time": "2019-11-07T03:23:36.286Z", "user": 1, "content_type": 7, "object_id": "3", "object_repr": "<Blog: \u957f\u5185\u5bb9\u535a\u5ba2>", "action_flag": 2, "change_message": "[{\"changed\": {\"fields\": [\"content\"]}}]"}}, {"model": "admin.logentry", "pk": 12, "fields": {"action_time": "2019-11-07T06:22:50.146Z", "user": 1, "content_type": 7, "object_id": "3", "object_repr": "<Blog: \u957f\u5185\u5bb9\u535a\u5ba2>", "action_flag": 2, "change_message": "[{\"changed\": {\"fields\": [\"content\"]}}]"}}, {"model": "admin.logentry", "pk": 13, "fields": {"action_time": "2019-11-07T06:23:40.691Z", "user": 1, "content_type": 7, "object_id": "3", "object_repr": "<Blog: \u957f\u5185\u5bb9\u535a\u5ba2>", "action_flag": 2, "change_message": "[{\"changed\": {\"fields\": [\"content\"]}}]"}}, {"model": "admin.logentry", "pk": 14, "fields": {"action_time": "2019-11-08T02:19:40.441Z", "user": 1, "content_type": 9, "object_id": "1", "object_repr": "ReadNum object (1)", "action_flag": 1, "change_message": "[{\"added\": {}}]"}}, {"model": "admin.logentry", "pk": 15, "fields": {"action_time": "2019-11-08T06:55:26.539Z", "user": 1, "content_type": 10, "object_id": "1", "object_repr": "ReadNum object (1)", "action_flag": 1, "change_message": "[{\"added\": {}}]"}}, {"model": "admin.logentry", "pk": 16, "fields": {"action_time": "2019-11-11T01:35:22.413Z", "user": 1, "content_type": 11, "object_id": "1", "object_repr": "ReadDetail object (1)", "action_flag": 1, "change_message": "[{\"added\": {}}]"}}, {"model": "admin.logentry", "pk": 17, "fields": {"action_time": "2019-11-11T03:01:44.724Z", "user": 1, "content_type": 11, "object_id": "3", "object_repr": "ReadDetail object (3)", "action_flag": 2, "change_message": "[{\"changed\": {\"fields\": [\"date\"]}}]"}}, {"model": "admin.logentry", "pk": 18, "fields": {"action_time": "2019-11-12T00:52:39.817Z", "user": 1, "content_type": 11, "object_id": "5", "object_repr": "ReadDetail object (5)", "action_flag": 1, "change_message": "[{\"added\": {}}]"}}, {"model": "admin.logentry", "pk": 19, "fields": {"action_time": "2019-11-12T00:53:20.040Z", "user": 1, "content_type": 10, "object_id": "2", "object_repr": "ReadNum object (2)", "action_flag": 2, "change_message": "[{\"changed\": {\"fields\": [\"read_num\"]}}]"}}, {"model": "admin.logentry", "pk": 20, "fields": {"action_time": "2019-11-12T00:54:14.442Z", "user": 1, "content_type": 11, "object_id": "6", "object_repr": "ReadDetail object (6)", "action_flag": 1, "change_message": "[{\"added\": {}}]"}}, {"model": "admin.logentry", "pk": 21, "fields": {"action_time": "2019-11-12T00:54:29.184Z", "user": 1, "content_type": 10, "object_id": "2", "object_repr": "ReadNum object (2)", "action_flag": 2, "change_message": "[{\"changed\": {\"fields\": [\"read_num\"]}}]"}}, {"model": "admin.logentry", "pk": 22, "fields": {"action_time": "2019-11-12T00:57:31.854Z", "user": 1, "content_type": 11, "object_id": "7", "object_repr": "ReadDetail object (7)", "action_flag": 1, "change_message": "[{\"added\": {}}]"}}, {"model": "admin.logentry", "pk": 23, "fields": {"action_time": "2019-11-12T00:57:48.805Z", "user": 1, "content_type": 10, "object_id": "3", "object_repr": "ReadNum object (3)", "action_flag": 2, "change_message": "[{\"changed\": {\"fields\": [\"read_num\"]}}]"}}]